frame,temperature_C,window,q_Ainv,observed_intensity,total_fit_intensity,background_intensity,residual_intensity,standardized_residual,component_q0295_broad,component_q0307_narrow,component_q0334,component_q0480,component_q0536,component_q0604,component_q0642,component_q0754,component_q0947,component_q1532,component_q1713,component_q1750,component_q1999,component_q2086,component_q2117,component_q2279
193,40.0,lamellar_low_q,0.2247625,50.55591212,50.386801666977014,47.0491981274171,0.16911045302298788,0.23762767292115058,2.609713376788024,0.49166106959635547,0.23622909317554144,,,,,,,,,,,,,
193,40.0,lamellar_low_q,0.2309875,50.94926119,50.79082906077752,46.91998289530938,0.15843212922248284,0.2226228923765226,3.0352771208793334,0.571399687793301,0.2641693567954956,,,,,,,,,,,,,
193,40.0,lamellar_low_q,0.2372125,51.05428028,51.3041288885161,46.790767663201656,-0.24984860851609625,-0.3510779041919838,3.544206393974414,0.6718155951897625,0.2973392361502627,,,,,,,,,,,,,
193,40.0,lamellar_low_q,0.2434375,52.17718705,51.94414402462867,46.66155243109394,0.23304302537133026,0.3274633283725292,4.144939440077284,0.800533359555683,0.3371187939017642,,,,,,,,,,,,,
193,40.0,lamellar_low_q,0.2496625,53.480323,52.72264802837156,46.53233719898621,0.7576749716284397,1.0646564840920314,4.836022073340506,0.9689181712205425,0.3853705848242944,,,,,,,,,,,,,
193,40.0,lamellar_low_q,0.2558875,53.09533023,53.63749137176923,46.403121966878494,-0.5421611417692276,-0.7618245245276638,5.595312457301834,1.1944022797982254,0.4446546677906732,,,,,,,,,,,,,
193,40.0,lamellar_low_q,0.2621125,53.55974301,54.66334899570532,46.27390673477077,-1.1036059857053218,-1.5507457848827346,6.366321755984504,1.5045579360335457,0.5185625689165082,,,,,,,,,,,,,
193,40.0,lamellar_low_q,0.2683375,56.33060662,55.7511113217603,46.14469150266305,0.5794952982396993,0.8142850824882432,7.049792276964206,1.9443772393345273,0.6122503027985142,,,,,,,,,,,,,
193,40.0,lamellar_low_q,0.2745625,57.15728557,56.85484427619136,46.015476270555325,0.3024412938086414,0.4249791751976447,7.516775648867394,2.589277211460649,0.7333151453079894,,,,,,,,,,,,,
193,40.0,lamellar_low_q,0.2807875,58.45036507,58.00103434606172,45.88626103844761,0.44933072393827445,0.6313826992522688,7.65465769287795,3.5668289077507795,0.8932867069853859,,,,,,,,,,,,,
193,40.0,lamellar_low_q,0.2870125,58.63187565,59.375738547917436,45.75704580633988,-0.7438628979174382,-1.0452482755780697,7.426159868710974,5.082276166752584,1.1102567061139943,,,,,,,,,,,,,
193,40.0,lamellar_low_q,0.2932375,61.5455474,61.31846562885911,45.62783057423216,0.22708177114088812,0.3190867972643146,6.892044822155891,7.38489041192852,1.4136998205425373,,,,,,,,,,,,,
193,40.0,lamellar_low_q,0.2994625,63.64444689,63.910363917684116,45.49861534212444,-0.26591702768411807,-0.3736566448089201,6.1748758769516465,10.383218161975561,1.8536545366324708,,,,,,,,,,,,,
193,40.0,lamellar_low_q,0.3056875,66.50808107,65.8729972846215,45.36940011001672,0.6350837853784981,0.8923959420115423,5.399149221406653,12.585720644316476,2.518727308881661,,,,,,,,,,,,,
193,40.0,lamellar_low_q,0.3119125,64.42558047,65.25037411528362,45.240184877908995,-0.82479364528362,-1.1589691297335551,4.653366273050365,11.785610301587901,3.5712126627363547,,,,,,,,,,,,,
193,40.0,lamellar_low_q,0.3181375,63.76697492,63.29112470097858,45.110969645801276,0.47585021902142444,0.6686469001990677,3.984094635587363,8.889554102777423,5.306506316812519,,,,,,,,,,,,,
193,40.0,lamellar_low_q,0.3243625,62.97160925,62.72241460065615,44.98175441369355,0.24919464934384905,0.3501589852635044,3.4069930818274075,6.158311646046789,8.175355459088404,,,,,,,,,,,,,
193,40.0,lamellar_low_q,0.3305875,63.9697234,64.28715729417644,44.85253918158583,-0.31743389417643897,-0.4460462155416987,2.9201694312773054,4.264010568512272,12.250438112801033,,,,,,,,,,,,,
193,40.0,lamellar_low_q,0.3368125,65.33160819,65.34219798200172,44.72332394947811,-0.010589792001724163,-0.014880378977795403,2.5138649019063646,3.040363317416816,15.06464581320043,,,,,,,,,,,,,
193,40.0,lamellar_low_q,0.3430375,62.52642175,62.074271107774585,44.59410871737039,0.452150642225412,0.6353451427820558,2.17600459079867,2.2444504412355157,13.059707358370012,,,,,,,,,,,,,
193,40.0,lamellar_low_q,0.3492625,56.12082628,56.98333575889886,44.46489348526267,-0.8625094788988577,-1.2119660061185529,1.8948800424909635,1.7110779596324364,8.912484271512792,,,,,,,,,,,,,
193,40.0,lamellar_low_q,0.3554875,53.49921236,53.108406202393596,44.335678253154946,0.3908061576064057,0.5491461712460961,1.6602085489138627,1.3412760311270557,5.771243369197725,,,,,,,,,,,,,
193,40.0,lamellar_low_q,0.3617125,50.95484265,50.59570578641062,44.20646302104722,0.35913686358938435,0.5046456657729216,1.4633873465427496,1.0764972849412644,3.849358133879388,,,,,,,,,,,,,
193,40.0,lamellar_low_q,0.3679375,49.05088249,48.9461321932963,44.0772477889395,0.10475029670369906,0.1471911924930889,1.2973967916930262,0.8813935408975235,2.690094071766245,,,,,,,,,,,,,
193,40.0,lamellar_low_q,0.3741625,47.79701229,47.80274247276091,43.94803255683178,-0.005730182760913749,-0.008051838136248936,1.156579596579221,0.7339754064948184,1.9641549128550908,,,,,,,,,,,,,
193,40.0,lamellar_low_q,0.3803875,47.56186936,46.96354000440462,43.81881732472406,0.5983293555953821,0.840749994272768,1.0363997962423497,0.6201288073132758,1.4881940761249361,,,,,,,,,,,,,
193,40.0,lamellar_low_q,0.3866125,45.92457295,46.3158313169356,43.68960209261633,-0.39125836693560245,-0.5497815988536117,0.9332233300236974,0.5305205315445654,1.1624853627510028,,,,,,,,,,,,,
193,40.0,lamellar_low_q,0.3928375,45.59896848,45.79448163534313,43.560386860508615,-0.19551315534312863,-0.27472776105297086,0.8441332076426539,0.458807694069502,0.9311538731223604,,,,,,,,,,,,,
193,40.0,lamellar_low_q,0.3990625,44.39391504,45.360087374167875,43.4311716284009,-0.9661723341678723,-1.357629166648254,0.7667797442546341,0.4005717187066748,0.7615642828056749,,,,,,,,,,,,,
193,40.0,lamellar_low_q,0.4052875,44.72840777,44.987726612764334,43.30195639629317,-0.2593188427643369,-0.36438512255844224,0.699261663079786,0.3526653234175298,0.6338432299738407,,,,,,,,,,,,,
193,40.0,lamellar_low_q,0.4115125,43.451341,44.660991091195555,43.17274116418545,-1.2096500911955559,-1.6997549890105477,0.6400326788669803,0.3128015126996074,0.5354157354435135,,,,,,,,,,,,,
193,40.0,lamellar_low_q,0.4177375,43.14178285,44.36869054092064,43.04352593207773,-1.2269076909206404,-1.7240047215940155,0.5878284307076452,0.2792882884259544,0.4580478897093123,,,,,,,,,,,,,
193,40.0,lamellar_low_q,0.4239625,44.51768568,44.102956165002496,42.91431069997,0.41472951499750366,0.5827623767714568,0.5416093812164052,0.2508533988637309,0.3961826849523547,,,,,,,,,,,,,
193,40.0,lamellar_low_q,0.4301875,45.18445398,43.85810596726655,42.785095467862284,1.3263480127334475,1.8637345363068623,0.5005161297211961,0.22652608079677516,0.3459682888862979,,,,,,,,,,,,,
193,40.0,lamellar_low_q,0.4364125,44.92222529,43.62994131710382,42.655880235754566,1.292283972896179,1.8158690237254302,0.4638343394294466,0.20555569306687083,0.30467104885293717,,,,,,,,,,,,,
193,40.0,heated_low_q_0480_0536,0.4426375,43.75819758,43.16847057710235,42.94717807950701,0.5897270028976536,1.369067517553695,,,,0.16337088468180633,0.05792161291353224,,,,,,,,,,,
193,40.0,heated_low_q_0480_0536,0.4488625,42.6654286,42.95549285752789,42.62787966223138,-0.290064257527888,-0.6733921815238306,,,,0.26085065640948873,0.06676253888702116,,,,,,,,,,,
193,40.0,heated_low_q_0480_0536,0.4550875,42.72480804,42.84711488812463,42.30858124495574,-0.12230684812463011,-0.2839387243911981,,,,0.46075019745243867,0.07778344571644989,,,,,,,,,,,
193,40.0,heated_low_q_0480_0536,0.4613125,43.15372951,42.964959781188746,41.98928282768009,0.18876972881125198,0.43823413671589445,,,,0.8839165879671871,0.0917603655414705,,,,,,,,,,,
193,40.0,heated_low_q_0480_0536,0.4675375,43.03637964,43.175549612209046,41.66998441040446,-0.13916997220904648,-0.3230869324858146,,,,1.3957197042891876,0.10984549751539996,,,,,,,,,,,
193,40.0,heated_low_q_0480_0536,0.4737625,42.71508719,42.56462053728448,41.35068599312882,0.15046665271551518,0.34931248814393395,,,,1.0801273454477454,0.1338071987079203,,,,,,,,,,,
193,40.0,heated_low_q_0480_0536,0.4799875,41.75828193,41.7662466969486,41.031387575853174,-0.007964766948596491,-0.01849042635088756,,,,0.5683917216571018,0.16646739943832517,,,,,,,,,,,
193,40.0,heated_low_q_0480_0536,0.4862125,41.08836799,41.23547370517559,40.71208915857754,-0.14710571517559146,-0.3415099788611176,,,,0.3108412652023198,0.2125432813957324,,,,,,,,,,,
193,40.0,heated_low_q_0480_0536,0.4924375,40.82596534,40.86187973440669,40.3927907413019,-0.03591439440668864,-0.08337625808757955,,,,0.18871503415208155,0.2803739589527069,,,,,,,,,,,
193,40.0,heated_low_q_0480_0536,0.4986625,40.44410907,40.58415476119877,40.073492324026255,-0.14004569119876464,-0.32511993829602365,,,,0.12492026281810209,0.38574217435440966,,,,,,,,,,,
193,40.0,heated_low_q_0480_0536,0.5048875,40.55154538,40.403534796499535,39.754193906750615,0.14801058350046503,0.34361065565760246,,,,0.08821912341899393,0.5611217663299244,,,,,,,,,,,
193,40.0,heated_low_q_0480_0536,0.5111125,39.87398243,40.380670685741215,39.43489548947498,-0.5066882557412171,-1.1762907736168715,,,,0.06540261796642165,0.8803725782998145,,,,,,,,,,,
193,40.0,heated_low_q_0480_0536,0.5173375,40.32945726,40.69586825450217,39.115597072199336,-0.36641099450217496,-0.8506332390794942,,,,0.05033067847005735,1.529940503832785,,,,,,,,,,,
193,40.0,heated_low_q_0480_0536,0.5235625,41.66616752,41.81808350483023,38.796298654923696,-0.15191598483022517,-0.3526771526592898,,,,0.03988595769137852,2.9818988922151592,,,,,,,,,,,
193,40.0,heated_low_q_0480_0536,0.5297875,44.39400979,44.03140447977481,38.47700023764806,0.3626053102251916,0.8417982379686718,,,,0.03236397239868069,5.522040269728063,,,,,,,,,,,
193,40.0,heated_low_q_0480_0536,0.5360125,43.03288509,43.42481559448124,38.157701820372424,-0.39193050448123756,-0.9098774860014643,,,,0.0267738881037356,5.240339886005084,,,,,,,,,,,
193,40.0,heated_low_q_0480_0536,0.5422375,40.66139846,40.603936254495665,37.83840340309678,0.05746220550433634,0.1334000964114493,,,,0.022509703883189593,2.7430231475157036,,,,,,,,,,,
193,40.0,heated_low_q_0480_0536,0.5484625,39.7620139,38.962194054021545,37.519104985821144,0.7998198459784547,1.8568038527039248,,,,0.01918467503808895,1.4239043931623119,,,,,,,,,,,
193,40.0,heated_low_q_0480_0536,0.5546875,38.43785317,38.046895976049804,37.199806568545505,0.390957193950193,0.9076179187339005,,,,0.016542929815220354,0.8305464776890756,,,,,,,,,,,
193,40.0,heated_low_q_0480_0536,0.5609125,37.55152546,37.42974664581434,36.88050815126986,0.12177881418566017,0.2827128790246851,,,,0.014409881419996422,0.5348286131244875,,,,,,,,,,,
193,40.0,heated_low_q_0480_0536,0.5671375,36.43423354,36.94431349887755,36.561209733994225,-0.5100799588775473,-1.1841647060810774,,,,0.012663188041276913,0.3704405768420457,,,,,,,,,,,
193,40.0,heated_low_q_0604_0642,0.5733625,35.8308328,35.566047950076936,35.56604795007692,0.2647848499230676,0.7226873940563447,,,,,,1.589714337419195e-14,1.3225991311044364e-17,,,,,,,,,
193,40.0,heated_low_q_0604_0642,0.5795875,35.23144082,35.30854599047849,35.30854598869385,-0.07710517047848953,-0.21044608382073188,,,,,,1.7846263942157412e-09,1.734117263355027e-14,,,,,,,,,
193,40.0,heated_low_q_0604_0642,0.5858125,35.38349431,35.05105814186555,35.05104402731078,0.33243616813444987,0.9073307181621817,,,,,,1.4114543728861581e-05,1.1040281541345414e-11,,,,,,,,,
193,40.0,heated_low_q_0604_0642,0.5920375,34.70680183,34.801406688308354,34.79354206592771,-0.09460485830835097,-0.25820864953488276,,,,,,0.00786461896766546,3.4129764666440155e-09,,,,,,,,,
193,40.0,heated_low_q_0604_0642,0.5982625,34.59454593,34.84477133291673,34.53604010454464,-0.2502254029167261,-0.6829497398099953,,,,,,0.3087307160561154,5.123159736222746e-07,,,,,,,,,
193,40.0,heated_low_q_0604_0642,0.6044875,35.31617211,35.13240921057837,34.278538143161576,0.18376289942162316,0.501551093069851,,,,,,0.853833725727714,3.7341689087782604e-05,,,,,,,,,
193,40.0,heated_low_q_0604_0642,0.6107125,33.7132789,34.18872129859864,34.021036181778506,-0.4754423985986378,-1.2976430795303366,,,,,,0.1663635124123455,0.001321604407784561,,,,,,,,,
193,40.0,heated_low_q_0604_0642,0.6169375,33.86963478,33.78853016022035,33.76353422039543,0.08110461977965144,0.22136193340184257,,,,,,0.002283674318350184,0.02271226550657111,,,,,,,,,
193,40.0,heated_low_q_0604_0642,0.6231625,33.61968129,33.69556138219136,33.506032259012365,-0.07588009219135472,-0.20710243090742625,,,,,,2.208521166727696e-06,0.18952691465782603,,,,,,,,,
193,40.0,heated_low_q_0604_0642,0.6293875,34.13052247,34.016480019202255,33.248530297629294,0.11404245079774711,0.3112604123792157,,,,,,1.504735873947688e-10,0.767949721422487,,,,,,,,,
193,40.0,heated_low_q_0604_0642,0.6356125,34.40138102,34.50196458308206,32.991028336246224,-0.10058356308205418,-0.2745265565979008,,,,,,7.222878261067543e-16,1.5109362468358323,,,,,,,,,
193,40.0,heated_low_q_0604_0642,0.6418375,34.22058049,34.17700697280779,32.73352637486316,0.043573517192214695,0.1189268630688663,,,,,,2.4425959133832893e-22,1.4434805979446252,,,,,,,,,
193,40.0,heated_low_q_0604_0642,0.6480625,33.20814125,33.145642568570366,32.47602441348008,0.062498681429630665,0.1705800359327982,,,,,,5.8194811837419995e-30,0.6696181550902864,,,,,,,,,
193,40.0,heated_low_q_0604_0642,0.6542875,32.20943343,32.369354958345774,32.21852245209701,-0.15992152834577666,-0.43647992929843477,,,,,,9.768057816458432e-39,0.15083250624875824,,,,,,,,,
193,40.0,heated_low_q_0604_0642,0.6605125,31.7975438,31.977517838614183,31.96102049071395,-0.17997403861418348,-0.49121001069989534,,,,,,1.1551103779372147e-48,0.016497347900233966,,,,,,,,,
193,40.0,heated_low_q_0604_0642,0.6667375,31.5846768,31.70439469206398,31.70351852933088,-0.11971789206397787,-0.3267506107799318,,,,,,9.623433752870602e-60,0.0008761627330996124,,,,,,,,,
193,40.0,heated_low_q_0604_0642,0.6729625,31.66408337,31.446039162663393,31.446016567947808,0.21804420733660734,0.5951163748037617,,,,,,5.648432553358227e-72,2.2594715584446577e-05,,,,,,,,,
193,40.0,heated_low_q_0604_0642,0.6791875,31.06031334,31.188514889495675,31.188514606564738,-0.12820154949567453,-0.3499053807116743,,,,,,2.3357004513381358e-85,2.8293093789833584e-07,,,,,,,,,
193,40.0,heated_low_q_0604_0642,0.6854125,31.29242175,30.931012646901976,30.93101264518167,0.36140910309802265,0.9864076550529137,,,,,,6.804522477803813e-100,1.7203050244133572e-09,,,,,,,,,
193,40.0,q0754,0.7040875,30.3745577,30.327346965004264,30.327346965004264,0.047210734995736914,0.11584808896154651,,,,,,,,2.3298656625378708e-20,,,,,,,,
193,40.0,q0754,0.7103125,29.91126733,30.162486538922224,30.16248653892222,-0.2512192089222225,-0.6164543989136998,,,,,,,,3.866678396282873e-15,,,,,,,,
193,40.0,q0754,0.7165375,30.10119646,29.99762611295311,29.997626112840173,0.10357034704689028,0.2541461550969253,,,,,,,,1.1293557963358177e-10,,,,,,,,
193,40.0,q0754,0.7227625,29.88092684,29.832766267267296,29.83276568675813,0.04816057273270502,0.11817884883345385,,,,,,,,5.80509164758563e-07,,,,,,,,
193,40.0,q0754,0.7289875,29.6548675,29.66843039806203,29.667905260676086,-0.013562898062026818,-0.03328132513522509,,,,,,,,0.0005251373859412327,,,,,,,,
193,40.0,q0754,0.7352125,29.81926761,29.58664793000651,29.50304483459404,0.23261967999349054,0.5708139342572363,,,,,,,,0.08360309541247024,,,,,,,,
193,40.0,q0754,0.7414375,31.54623077,31.680564343466152,29.338184408511996,-0.13433357346615082,-0.32963451576922803,,,,,,,,2.342379934954156,,,,,,,,
193,40.0,q0754,0.7476625,40.79460352,40.7232149099688,29.173323982429952,0.07138861003119956,0.17517698138955798,,,,,,,,11.549890927538847,,,,,,,,
193,40.0,q0754,0.7538875,38.95332858,39.03114642283751,29.008463556347905,-0.07781784283751136,-0.19095335797355648,,,,,,,,10.022682866489603,,,,,,,,
193,40.0,q0754,0.7601125,30.53606715,30.37425228775488,28.843603130265866,0.16181486224511943,0.3970694918934376,,,,,,,,1.5306491574890146,,,,,,,,
193,40.0,q0754,0.7663375,28.79302672,28.71988162424696,28.67874270418382,0.07314509575304129,0.17948713487863163,,,,,,,,0.04113892006313923,,,,,,,,
193,40.0,q0754,0.7725625,28.2143123,28.514076865933603,28.51388227810177,-0.2997645659336037,-0.7355774508685646,,,,,,,,0.00019458783183289702,,,,,,,,
193,40.0,q0754,0.7787875,28.2467549,28.349022014000717,28.34902185201973,-0.10226711400071764,-0.2509482159442248,,,,,,,,1.6198098415940088e-07,,,,,,,,
193,40.0,q0754,0.7850125,28.23819145,28.184161425961413,28.184161425937685,0.05403002403858537,0.13258160526375498,,,,,,,,2.3730011555335102e-11,,,,,,,,
193,40.0,q0754,0.7912375,27.97066558,28.019300999855638,28.019300999855638,-0.04863541985563913,-0.11934405271654892,,,,,,,,6.11811207240478e-16,,,,,,,,
193,40.0,q0754,0.7974625,27.99010127,27.854440573773598,27.854440573773598,0.13566069622640242,0.3328910767104293,,,,,,,,2.7760192207227026e-21,,,,,,,,
193,40.0,q0947,0.8846125,26.67914037,26.748102465128355,26.74810246512143,-0.06896209512835583,-0.32071787023145987,,,,,,,,,6.92276374493849e-12,,,,,,,
193,40.0,q0947,0.8908375,26.80480747,26.65611835791278,26.65611835509819,0.1486891120872187,0.6914995152983912,,,,,,,,,2.81459134961208e-09,,,,,,,
193,40.0,q0947,0.8970625,26.6861997,26.56413478408518,26.564134245074946,0.1220649159148195,0.5676799666442573,,,,,,,,,5.39010232919717e-07,,,,,,,
193,40.0,q0947,0.9032875,26.30228408,26.47219875611984,26.472150135051706,-0.16991467611984135,-0.7902119699930157,,,,,,,,,4.862106813638076e-05,,,,,,,
193,40.0,q0947,0.9095125,26.1293545,26.382231870366077,26.380166025028462,-0.2528773703660754,-1.176041584911073,,,,,,,,,0.002065845337614732,,,,,,,
193,40.0,q0947,0.9157375,26.43326208,26.329526338151783,26.28818191500522,0.10373574184821521,0.4824375786512349,,,,,,,,,0.041344423146561345,,,,,,,
193,40.0,q0947,0.9219625,26.69334267,26.58594400810467,26.196197804981978,0.10739866189533132,0.49947250072186894,,,,,,,,,0.38974620312268965,,,,,,,
193,40.0,q0947,0.9281875,27.93241144,27.834797649730906,26.104213694958737,0.09761379026909367,0.453966586456732,,,,,,,,,1.7305839547721698,,,,,,,
193,40.0,q0947,0.9344125,29.39735079,29.631735379407655,26.012229584935493,-0.23438458940765372,-1.0900383201813273,,,,,,,,,3.6195057944721616,,,,,,,
193,40.0,q0947,0.9406375,29.78168071,29.486002145103424,25.920245474912253,0.2956785648965763,1.3750945273664184,,,,,,,,,3.565756670191169,,,,,,,
193,40.0,q0947,0.9468625,27.20187956,27.482887782562464,25.82826136488901,-0.28100822256246616,-1.3068680481649824,,,,,,,,,1.654626417673455,,,,,,,
193,40.0,q0947,0.9530875,26.20490138,26.097931883919852,25.73627725486577,0.10696949608014705,0.4974766050640317,,,,,,,,,0.36165462905408313,,,,,,,
193,40.0,q0947,0.9593125,25.84036636,25.68152665031459,25.644293144842525,0.1588397096854095,0.7387062893560682,,,,,,,,,0.037233505472065005,,,,,,,
193,40.0,q0947,0.9655375,25.47870237,25.554114626927255,25.55230903481928,-0.07541225692725462,-0.35071524996507736,,,,,,,,,0.0018055921079748783,,,,,,,
193,40.0,q0947,0.9717625,25.28764724,25.46036616788577,25.46032492479604,-0.17271892788577148,-0.803253535106256,,,,,,,,,4.124308973002235e-05,,,,,,,
193,40.0,q0947,0.9779875,25.21817585,25.368341258512782,25.3683408147728,-0.15016540851278037,-0.6983652383387832,,,,,,,,,4.4373998248585854e-07,,,,,,,
193,40.0,q0947,0.9842125,25.4617003,25.27635670699836,25.276356704749556,0.18534359300164027,0.8619663062424971,,,,,,,,,2.2488047730191558e-09,,,,,,,
193,40.0,q0947,0.9904375,25.21769642,25.184372594731684,25.184372594726316,0.03332382526831523,0.15497711094953182,,,,,,,,,5.368102138047579e-12,,,,,,,
193,40.0,q0947,0.9966625,25.2415834,25.09238848470308,25.092388484703072,0.14919491529692053,0.6938518238799369,,,,,,,,,6.0358106947425e-15,,,,,,,
193,40.0,q0947,1.0028875,25.27545606,25.00040437467983,25.00040437467983,0.2750516853201681,1.2791663384830398,,,,,,,,,3.1966587258677e-18,,,,,,,
193,40.0,q0947,1.0091125,24.5299598,24.908420264656588,24.908420264656588,-0.37846046465658745,-1.7600833322356646,,,,,,,,,7.974487114636493e-22,,,,,,,
193,40.0,q1532,1.4510875,22.18960911,21.578517497665423,21.161610442406875,0.611091612334576,1.4467707055417658,,,,,,,,,,0.4169070552585476,,,,,,
193,40.0,q1532,1.4573125,22.03726008,21.614063588217334,21.127051295898312,0.42319649178266516,1.001925529071059,,,,,,,,,,0.487012292319023,,,,,,
193,40.0,q1532,1.4635375,21.86723965,21.668824556630078,21.09249214938975,0.19841509336992047,0.4697514068770553,,,,,,,,,,0.5763324072403295,,,,,,
193,40.0,q1532,1.4697625,22.01398303,21.750484122072777,21.057933002881185,0.26349890792722164,0.6238385427594935,,,,,,,,,,0.6925511191915926,,,,,,
193,40.0,q1532,1.4759875,22.28942906,21.870962859698746,21.023373856372622,0.41846620030125337,0.9907264764153773,,,,,,,,,,0.847589003326126,,,,,,
193,40.0,q1532,1.4822125,22.3270088,22.04954030642002,20.988814709864055,0.27746849357998116,0.6569117954159275,,,,,,,,,,1.0607255965559637,,,,,,
193,40.0,q1532,1.4884375,23.3279514,22.318999663154752,20.954255563355492,1.0089517368452476,2.388711916035894,,,,,,,,,,1.3647440997992601,,,,,,
193,40.0,q1532,1.4946625,24.92691248,22.738610538664183,20.91969641684693,2.1883019413358156,5.180845358864862,,,,,,,,,,1.8189141218172526,,,,,,
193,40.0,q1532,1.5008875,23.89651117,23.42418179249544,20.885137270338365,0.47232937750456117,1.1182485456308928,,,,,,,,,,2.5390445221570737,,,,,,
193,40.0,q1532,1.5071125,23.17742952,24.639943480556937,20.8505781238298,-1.4625139605569366,-3.462528877619682,,,,,,,,,,3.78936535672714,,,,,,
193,40.0,q1532,1.5133375,23.35925642,27.575479868484862,20.816018977321235,-4.216223448484861,-9.98198707061691,,,,,,,,,,6.759460891163625,,,,,,
193,40.0,q1532,1.5195625,34.89422853,41.4725832183722,20.781459830812672,-6.578354688372201,-15.574376511961383,,,,,,,,,,20.69112338755953,,,,,,
193,40.0,q1532,1.5257875,97.05245122,97.74483720059483,20.746900684304105,-0.6923859805948354,-1.6392366274272605,,,,,,,,,,76.99793651629072,,,,,,
193,40.0,q1532,1.5320125,185.0105428,180.8650901510416,20.71234153779554,4.145452648958383,9.814435892534926,,,,,,,,,,160.15274861324608,,,,,,
193,40.0,q1532,1.5382375,139.2280505,146.00648577834792,20.67778239128698,-6.778435278347928,-16.04807101288657,,,,,,,,,,125.32870338706094,,,,,,
193,40.0,q1532,1.5444625,72.11769383,63.509039476463215,20.64322324477841,8.608654353536778,20.381148556842824,,,,,,,,,,42.8658162316848,,,,,,
193,40.0,q1532,1.5506875,35.76043064,31.85521596202216,20.60866409826985,3.905214677977842,9.245668048634062,,,,,,,,,,11.246551863752313,,,,,,
193,40.0,q1532,1.5569125,24.3355987,25.504152665787565,20.574104951761285,-1.1685539657875665,-2.7665731478253,,,,,,,,,,4.930047714026279,,,,,,
193,40.0,q1532,1.5631375,22.28688391,23.639905516906218,20.539545805252722,-1.3530216069062178,-3.2033037032837126,,,,,,,,,,3.100359711653497,,,,,,
193,40.0,q1532,1.5693625,22.00117336,22.65816069114292,20.504986658744155,-0.656987331142922,-1.5554296695030358,,,,,,,,,,2.1531740323987654,,,,,,
193,40.0,q1532,1.5755875,21.46676689,22.049786306152722,20.47042751223559,-0.5830194161527231,-1.3803092613714443,,,,,,,,,,1.5793587939171319,,,,,,
193,40.0,q1532,1.5818125,21.36082451,21.642203701730477,20.43586836572703,-0.2813791917304762,-0.6661704456872634,,,,,,,,,,1.206335336003449,,,,,,
193,40.0,q1532,1.5880375,21.31950386,21.35206134202981,20.401309219218465,-0.03255748202980868,-0.07708044145292638,,,,,,,,,,0.950752122811344,,,,,,
193,40.0,q1532,1.5942625,21.75884249,21.13497963521167,20.366750072709902,0.623862854788328,1.4770068584892284,,,,,,,,,,0.768229562501769,,,,,,
193,40.0,q1532,1.6004875,21.22233511,20.965646348634486,20.332190926201335,0.25668876136551333,0.6077153946961699,,,,,,,,,,0.6334554224331521,,,,,,
193,40.0,q1532,1.6067125,21.23063804,20.82879928757472,20.29763177969277,0.40183875242527733,0.9513606857396023,,,,,,,,,,0.5311675078819499,,,,,,
193,40.0,pi_pi_sharp_pair,1.6627375,21.2773033,21.50142471466051,21.501424345831865,-0.22412141466050883,-0.24355650557053074,,,,,,,,,,,3.6882864230128607e-07,1.9223574689911797e-23,,,,
193,40.0,pi_pi_sharp_pair,1.6689625,21.08235109,21.48540063775113,21.485373079291602,-0.4030495477511309,-0.43800071300971205,,,,,,,,,,,2.7558459527774373e-05,7.293847822377262e-20,,,,
193,40.0,pi_pi_sharp_pair,1.6751875,21.12732199,21.470442613551633,21.46932181275134,-0.3431206235516342,-0.3728749445384562,,,,,,,,,,,0.0011208008002938578,1.4295800043740774e-16,,,,
193,40.0,pi_pi_sharp_pair,1.6814125,21.29543905,21.478081595090856,21.453270546211073,-0.1826425450908573,-0.1984807213457034,,,,,,,,,,,0.024811048879638222,1.447402939962369e-13,,,,
193,40.0,pi_pi_sharp_pair,1.6876375,21.59873986,21.736173723584912,21.43721927967081,-0.1374338635849135,-0.1493516878451893,,,,,,,,,,,0.2989544438384008,7.570065795545133e-11,,,,
193,40.0,pi_pi_sharp_pair,1.6938625,24.08421097,23.381854267517777,21.421168013130547,0.7023567024822235,0.763262825106348,,,,,,,,,,,1.9606862339350761,2.0452155043576596e-08,,,,
193,40.0,pi_pi_sharp_pair,1.7000875,28.75661813,28.404415968663834,21.40511674659028,0.3522021613361659,0.3827440041789985,,,,,,,,,,,6.999296367720322,2.854353231857025e-06,,,,
193,40.0,pi_pi_sharp_pair,1.7063125,34.00605113,34.989426433627806,21.389065480050018,-0.9833753036278026,-1.0686504588539414,,,,,,,,,,,13.600155172434476,0.0002057811433181647,,,,
193,40.0,pi_pi_sharp_pair,1.7125375,36.63921265,35.76457403766138,21.373014213509755,0.8746386123386145,0.9504844701294257,,,,,,,,,,,14.383896227250569,0.007663596901059565,,,,
193,40.0,pi_pi_sharp_pair,1.7187625,29.56351087,29.784814952960502,21.356962946969492,-0.22130408296050064,-0.2404948638932886,,,,,,,,,,,8.280420959302841,0.1474310466881679,,,,
193,40.0,pi_pi_sharp_pair,1.7249875,25.08805826,25.400642368840582,21.340911680429226,-0.3125841088405821,-0.33969040112214405,,,,,,,,,,,2.5946064172899503,1.4651242711214083,,,,
193,40.0,pi_pi_sharp_pair,1.7312125,28.40591223,29.288616923870684,21.324860413888963,-0.8827046938706857,-0.9592500164051981,,,,,,,,,,,0.44252086941624863,7.52123564056547,,,,
193,40.0,pi_pi_sharp_pair,1.7374375,42.06249764,41.29484890069375,21.3088091473487,0.7676487393062459,0.8342167781434978,,,,,,,,,,,0.04108083129178992,19.944958922053257,,,,
193,40.0,pi_pi_sharp_pair,1.7436625,48.47903321,48.61644543255767,21.292757880808434,-0.13741222255767127,-0.14932817017741062,,,,,,,,,,,0.002075811370590749,27.321611740378646,,,,
193,40.0,pi_pi_sharp_pair,1.7498875,40.24993495,40.61018447855229,21.27670661426817,-0.36024952855229486,-0.3914892132933179,,,,,,,,,,,5.709259024335928e-05,19.333420771693877,,,,
193,40.0,pi_pi_sharp_pair,1.7561125,28.35528083,28.327741106977253,21.26065534772791,0.02753972302274832,0.02992787955564677,,,,,,,,,,,8.547021662176938e-07,7.06708490454718,,,,
193,40.0,pi_pi_sharp_pair,1.7623375,24.23858859,22.579050484974676,21.244604081187646,1.659538105025323,1.8034479317086356,,,,,,,,,,,6.964549981000052e-09,1.3344463968224773,,,,
193,40.0,pi_pi_sharp_pair,1.7685625,22.27714249,21.358716901568215,21.22855281464738,0.9184255884317842,0.998068512479449,,,,,,,,,,,3.088975838692682e-11,0.13016408688994469,,,,
193,40.0,pi_pi_sharp_pair,1.7747875,21.6522404,21.219060137423643,21.212501548107117,0.4331802625763572,0.47074426687443516,,,,,,,,,,,7.457257857520582e-14,0.006558589316452431,,,,
193,40.0,pi_pi_sharp_pair,1.7810125,21.24797179,21.196620991548937,21.196450281566854,0.051350798451064605,0.05580377514546214,,,,,,,,,,,9.799118432697325e-17,0.00017070998208365708,,,,
193,40.0,pi_pi_sharp_pair,1.7872375,21.48781305,21.180401310311566,21.180399015026588,0.30741173968843327,0.33406950069133773,,,,,,,,,,,7.008709345248478e-20,2.295284979607797e-06,,,,
193,40.0,pi_pi_sharp_pair,1.7934625,21.57718918,21.164347764428353,21.164347748486325,0.41284141557164844,0.44864170023079625,,,,,,,,,,,2.728552349043109e-23,1.594202665531972e-08,,,,
193,40.0,pi_pi_sharp_pair,1.7996875,21.39309889,21.14829648200326,21.148296481946062,0.24480240799674036,0.2660308883791965,,,,,,,,,,,5.781888709165574e-27,5.71978448800229e-11,,,,
193,40.0,pi_pi_sharp_pair,1.8059125,20.87952498,21.132245215405902,21.132245215405796,-0.2527202354059028,-0.27463532440958344,,,,,,,,,,,6.668840996903612e-31,1.0600955675521904e-13,,,,
193,40.0,pi_pi_sharp_pair,1.8121375,20.184708,21.116193948865533,21.116193948865533,-0.9314859488655323,-1.0122614255197029,,,,,,,,,,,4.1867226764509265e-35,1.0149381798866869e-16,,,,
193,40.0,pi_pi_sharp_pair,1.8183625,19.72041055,21.10014268232527,21.10014268232527,-1.3797321323252696,-1.499378081659646,,,,,,,,,,,1.4306757757603035e-39,5.019533764257797e-20,,,,
193,40.0,q1999_single,1.9428625,17.84355701,13.583807520181413,11.570956211746413,4.259749489818589,3.6312988157017143,,,,,,,,,,,,,2.012851308434999,,,
193,40.0,q1999_single,1.9490875,17.4232569,14.708088725408045,12.168246167769606,2.7151681745919536,2.3145931469426952,,,,,,,,,,,,,2.5398425576384387,,,
193,40.0,q1999_single,1.9553125,17.48853179,16.06537818302274,12.76553612379278,1.4231536069772588,1.2131924705737167,,,,,,,,,,,,,3.299842059229961,,,
193,40.0,q1999_single,1.9615375,17.32132331,17.8118870866872,13.362826079815953,-0.49056377668719975,-0.4181897704473352,,,,,,,,,,,,,4.449061006871248,,,
193,40.0,q1999_single,1.9677625,17.41006996,20.25376411292376,13.960116035839146,-2.84369415292376,-2.4241573910417227,,,,,,,,,,,,,6.2936480770846135,,,
193,40.0,q1999_single,1.9739875,17.9852026,24.043605377497613,14.55740599186232,-6.058402777497612,-5.164592632396317,,,,,,,,,,,,,9.486199385635295,,,
193,40.0,q1999_single,1.9802125,21.65810567,30.69607834845165,15.154695947885493,-9.037972678451649,-7.704579708747995,,,,,,,,,,,,,15.541382400566157,,,
193,40.0,q1999_single,1.9864375,45.36908512,43.78321845264625,15.751985903908688,1.5858666673537485,1.3519000975965236,,,,,,,,,,,,,28.031232548737567,,,
193,40.0,q1999_single,1.9926625,71.24938867,67.87773238994261,16.34927585993186,3.371656280057394,2.8742280469753823,,,,,,,,,,,,,51.52845653001074,,,
193,40.0,q1999_single,1.9988875,80.09455567,81.29199355442628,16.946565815955033,-1.1974378844262787,-1.020777109542818,,,,,,,,,,,,,64.34542773847124,,,
193,40.0,q1999_single,2.0051125,55.56890547,59.07624361250629,17.543855771978226,-3.507338142506292,-2.9898924510912845,,,,,,,,,,,,,41.53238784052807,,,
193,40.0,q1999_single,2.0113375,44.7740434,40.35538212861333,18.14114572800138,4.418661271386668,3.766765975352408,,,,,,,,,,,,,22.21423640061195,,,
193,40.0,q1999_single,2.0175625,39.77645963,31.50055899460998,18.738435684024573,8.275900635390016,7.054937913129882,,,,,,,,,,,,,12.762123310585409,,,
193,40.0,q1999_single,2.0237875,30.34131868,27.393765144325037,19.33572564004777,2.947553535674963,2.512694159338869,,,,,,,,,,,,,8.058039504277268,,,
193,40.0,q1999_single,2.0300125,24.13906619,25.420147539675327,19.933015596070963,-1.2810813496753255,-1.0920804613070518,,,,,,,,,,,,,5.487131943604365,,,
193,40.0,q1999_single,2.0362375,19.90491454,24.48613347452651,20.530305552094113,-4.581218934526511,-3.9053411312515616,,,,,,,,,,,,,3.9558279224323964,,,
193,40.0,q2086_q2117_pair,2.0424625,18.15939789,17.53242717814859,17.246114342613993,0.6269707118514098,1.0339448677548677,,,,,,,,,,,,,,0.28631283546858116,6.60181111865446e-11,
193,40.0,q2086_q2117_pair,2.0486875,18.09620652,18.16211318166776,17.10148966917263,-0.0659066616677606,-0.10868746066464974,,,,,,,,,,,,,,1.0606235070200054,5.475125808667912e-09,
193,40.0,q2086_q2117_pair,2.0549125,19.01795007,19.978563447206554,16.956864995731273,-0.9606133772065526,-1.5841589606737108,,,,,,,,,,,,,,3.021698150852211,3.0062307127662156e-07,
193,40.0,q2086_q2117_pair,2.0611375,22.8219889,23.43304881781666,16.81224032228991,-0.6110599178166574,-1.0077061878242557,,,,,,,,,,,,,,6.62079756735006,1.0928176688810416e-05,
193,40.0,q2086_q2117_pair,2.0673625,29.85491477,27.824660476851978,16.667615648848546,2.0302542931480225,3.348116533926998,,,,,,,,,,,,,,11.156781819188039,0.00026300881539074517,
193,40.0,q2086_q2117_pair,2.0735875,30.09800762,30.98613887062332,16.52299097540719,-0.8881312506233208,-1.4646278225071605,,,,,,,,,,,,,,14.458957161187763,0.004190734028368983,
193,40.0,q2086_q2117_pair,2.0798125,29.64931649,30.833916182247048,16.378366301965826,-1.1845996922470476,-1.9535374603480795,,,,,,,,,,,,,,14.411341247069084,0.044208633212140275,
193,40.0,q2086_q2117_pair,2.0860375,29.27724038,27.58942241511052,16.233741628524463,1.6878179648894793,2.7834007067869684,,,,,,,,,,,,,,11.046920614690558,0.3087601718955003,
193,40.0,q2086_q2117_pair,2.0922625,23.38729943,24.02929873010162,16.08911695508311,-0.6419993001016202,-1.0587286916196559,,,,,,,,,,,,,,6.512495921547556,1.4276858534709496,
193,40.0,q2086_q2117_pair,2.0984875,23.06455691,23.267819668765256,15.944492281641745,-0.20326275876525557,-0.33520303621589204,,,,,,,,,,,,,,2.9527256428993534,4.370601744224156,
193,40.0,q2086_q2117_pair,2.1047125,25.89315556,25.687697809647414,15.79986760820038,0.2054577503525863,0.33882282298357697,,,,,,,,,,,,,,1.0295990357781335,8.8582311656689,
193,40.0,q2086_q2117_pair,2.1109375,27.96434466,27.817743338859188,15.655242934759027,0.14660132114081037,0.24176198462608176,,,,,,,,,,,,,,0.276110268820882,11.886390135279282,
193,40.0,q2086_q2117_pair,2.1171625,25.85499584,26.127229853809986,15.510618261317662,-0.27223401380998524,-0.4489443543159489,,,,,,,,,,,,,,0.05694641523533535,10.559665177256987,
193,40.0,q2086_q2117_pair,2.1233875,21.5861157,21.58582586188644,15.365993587876298,0.00028983811355942635,0.0004779754848668974,,,,,,,,,,,,,,0.009032742345948188,6.210799531664194,
193,40.0,q2086_q2117_pair,2.1296125,17.8915642,17.64094842701166,15.221368914434944,0.2506157729883398,0.413293455916844,,,,,,,,,,,,,,0.0011019001809589111,2.4184776123957583,
193,40.0,q2086_q2117_pair,2.1358375,15.80469723,15.700343844590599,15.07674424099358,0.10435338540940187,0.17209041066413913,,,,,,,,,,,,,,0.00010337946647285054,0.6234962241305437,
193,40.0,q2086_q2117_pair,2.1420625,14.86231696,15.0385469105844,14.932119567552215,-0.17622995058439983,-0.29062291030050197,,,,,,,,,,,,,,7.459259545882991e-06,0.10641988377263804,
193,40.0,q2086_q2117_pair,2.1482875,14.58303183,14.799520968266226,14.78749489411086,-0.21648913826622618,-0.35701481616909625,,,,,,,,,,,,,,4.1392966416006625e-07,0.012025660225700757,
193,40.0,q2086_q2117_pair,2.1545125,14.54818288,14.643769927052352,14.642870220669497,-0.09558704705235144,-0.15763373767775718,,,,,,,,,,,,,,1.7665534554580123e-08,0.0008996887173200131,
193,40.0,q2086_q2117_pair,2.1607375,14.63266245,14.498290110643321,14.498245547228132,0.1343723393566787,0.22159502512611817,,,,,,,,,,,,,,5.798243051744685e-10,4.456283536548889e-05,
193,40.0,q2086_q2117_pair,2.1669625,14.48300235,14.353622335138997,14.35362087378678,0.12938001486100248,0.21336212334474333,,,,,,,,,,,,,,1.463643973799877e-11,1.4613375814244966e-06,
193,40.0,q2279,2.2229875,17.46945559,17.23566698016429,17.2355978552978,0.2337886098357096,0.6105648398364633,,,,,,,,,,,,,,,,6.912486648777583e-05
193,40.0,q2279,2.2292125,17.8762618,16.986541512445843,16.985663802655953,0.8897202875541588,2.323603041446299,,,,,,,,,,,,,,,,0.0008777097898897515
193,40.0,q2279,2.2354375,16.50391248,16.743758596582936,16.7357297500141,-0.2398461165829353,-0.6263846893985408,,,,,,,,,,,,,,,,0.008028846568835405
193,40.0,q2279,2.2416625,15.78946247,16.53870608631134,16.485795697372268,-0.7492436163113396,-1.956732660813108,,,,,,,,,,,,,,,,0.05291038893907348
193,40.0,q2279,2.2478875,15.95676668,16.487058575419653,16.23586164473042,-0.5302918954196532,-1.3849159992054507,,,,,,,,,,,,,,,,0.25119693068923393
193,40.0,q2279,2.2541125,16.87656307,16.845086074729764,15.98592759208857,0.03147699527023562,0.08220565830478278,,,,,,,,,,,,,,,,0.8591584826411953
193,40.0,q2279,2.2603375,17.84207484,17.852978707478147,15.735993539446739,-0.010903867478148754,-0.028476657203583854,,,,,,,,,,,,,,,,2.11698516803141
193,40.0,q2279,2.2665625,19.44925698,19.24398292205209,15.486059486804889,0.20527405794791065,0.5360959304288706,,,,,,,,,,,,,,,,3.7579234352472013
193,40.0,q2279,2.2727875,20.07922824,20.041902480712942,15.236125434163037,0.03732575928705728,0.09748035311425819,,,,,,,,,,,,,,,,4.805777046549904
193,40.0,q2279,2.2790125,19.0543764,19.413755807247988,14.986191381521206,-0.3593794072479888,-0.9385591127860661,,,,,,,,,,,,,,,,4.427564425726781
193,40.0,q2279,2.2852375,17.99310155,17.674933552009694,14.736257328879356,0.3181679979903045,0.8309309545514317,,,,,,,,,,,,,,,,2.938676223130338
193,40.0,q2279,2.2914625,15.70423453,15.891478065790757,14.486323276237506,-0.18724353579075625,-0.48900722546250375,,,,,,,,,,,,,,,,1.4051547895532517
193,40.0,q2279,2.2976875,14.95493987,14.720430253348724,14.236389223595674,0.2345096166512768,0.6124478289657332,,,,,,,,,,,,,,,,0.4840410297530496
193,40.0,q2279,2.3039125,14.30508243,14.106578058553051,13.986455170953825,0.19850437144694943,0.5184161445868355,,,,,,,,,,,,,,,,0.12012288759922565
193,40.0,q2279,2.3101375,13.83098547,13.757997194207412,13.736521118311975,0.07298827579258749,0.1906169635490682,,,,,,,,,,,,,,,,0.021476075895437676
193,40.0,q2279,2.3163625,13.34450598,13.48935317712923,13.486587065670143,-0.14484719712923066,-0.3782844928934641,,,,,,,,,,,,,,,,0.002766111459086743
